ts,actual,pred_best,pred_baseline
2026-08-05 06:00:00+00:00,27.627854209144445,26.90128386235448,27.28491952438056
2026-08-05 07:00:00+00:00,26.771803190561112,25.726988011725663,25.845234189766668
2026-08-05 08:00:00+00:00,26.32720735633333,25.744733386834813,25.43616477828056
2026-08-05 09:00:00+00:00,25.91766605755,26.047566977395977,25.38151185390278
2026-08-05 10:00:00+00:00,25.728220697516665,25.61555345245536,25.79661033369722
2026-08-05 11:00:00+00:00,27.06324777860556,25.319505633903372,25.753388572297222
2026-08-05 12:00:00+00:00,27.75464959240556,25.893710081084194,25.600252556219445
2026-08-05 13:00:00+00:00,27.56377394013889,25.756484111728106,25.57657642485
2026-08-05 14:00:00+00:00,25.94747734416111,25.6380175294045,25.60265620068333
2026-08-05 15:00:00+00:00,25.793702856011112,25.63330134610359,25.716766972869447
2026-08-05 16:00:00+00:00,25.60040473033056,25.68148520756455,25.46907632032222
2026-08-05 17:00:00+00:00,25.74327865865278,25.988696827459684,25.627216835752776
2026-08-05 18:00:00+00:00,25.297604378316667,25.87424970129557,25.60748531217222
2026-08-05 19:00:00+00:00,25.25124089734167,25.670193108566178,25.73253934499722
2026-08-05 20:00:00+00:00,25.67865760024445,26.000151985034,25.811980553747222
2026-08-05 21:00:00+00:00,25.429731537675,26.772201403826642,26.540381100441667
2026-08-05 22:00:00+00:00,26.27434841173056,26.469491712017437,24.853527308680555
2026-08-05 23:00:00+00:00,26.937037348247227,26.43709395888107,25.48403116872778
2026-08-06 00:00:00+00:00,27.225166636763888,26.83070404112775,26.644331388116665
2026-08-06 01:00:00+00:00,27.37970611956111,26.946822100972277,27.01492636960833
2026-08-06 02:00:00+00:00,27.49430330769444,26.930009950992442,27.186392195752777
2026-08-06 03:00:00+00:00,27.786753376711108,27.27627069937001,27.41712064340556
2026-08-06 04:00:00+00:00,28.31931797158889,27.643316544143396,27.851752568647218
2026-08-06 05:00:00+00:00,28.378084585511107,27.933686423109894,28.33525520230555
2026-08-06 06:00:00+00:00,26.672041075558337,27.279009157570034,27.627854209144445
2026-08-06 07:00:00+00:00,26.353501569366667,26.771193860884868,26.771803190561112
2026-08-06 08:00:00+00:00,26.272541682716664,26.778377838010915,26.32720735633333
2026-08-06 09:00:00+00:00,26.43754843223056,26.97266921117518,25.91766605755
2026-08-06 10:00:00+00:00,26.29786819236389,26.340831416886516,25.728220697516665
2026-08-06 11:00:00+00:00,26.11779836227222,26.243406992201514,27.06324777860556
2026-08-06 12:00:00+00:00,25.96690647398333,26.577027676888616,27.75464959240556
2026-08-06 13:00:00+00:00,25.88222342366667,26.18103707056497,27.56377394013889
2026-08-06 14:00:00+00:00,25.864483978636112,26.072364793488266,25.94747734416111
2026-08-06 15:00:00+00:00,25.936540829197224,25.860909459959206,25.793702856011112
2026-08-06 16:00:00+00:00,26.06098976795556,25.764882549823966,25.60040473033056
2026-08-06 17:00:00+00:00,25.830132952125,25.875846371555394,25.74327865865278
2026-08-06 18:00:00+00:00,25.97466278431111,25.83573367449634,25.297604378316667
2026-08-06 19:00:00+00:00,26.24251790613889,26.030747345553497,25.25124089734167
2026-08-06 20:00:00+00:00,26.11554948001111,25.8960729665149,25.67865760024445
2026-08-06 21:00:00+00:00,25.75940420108334,26.476070639939813,25.429731537675
2026-08-06 22:00:00+00:00,25.473582437866668,26.19341075117493,26.27434841173056
2026-08-06 23:00:00+00:00,24.45235012725833,26.798279089013995,26.937037348247227
2026-08-07 00:00:00+00:00,25.325217099777777,26.915842673817902,27.225166636763888
2026-08-07 01:00:00+00:00,26.685638911491665,27.427709997753972,27.37970611956111
2026-08-07 02:00:00+00:00,27.173044577527776,27.09348616839091,27.49430330769444
2026-08-07 03:00:00+00:00,27.49991347096944,27.070867716339553,27.786753376711108
2026-08-07 04:00:00+00:00,27.752571726625,27.558110064456116,28.31931797158889
2026-08-07 05:00:00+00:00,28.25077345878611,27.774361223109924,28.378084585511107
2026-08-07 06:00:00+00:00,26.920444555352777,27.70564877618171,26.672041075558337
2026-08-07 07:00:00+00:00,25.76186284731389,27.296509615029883,26.353501569366667
2026-08-07 08:00:00+00:00,25.572328029997223,26.34929472924574,26.272541682716664
2026-08-07 09:00:00+00:00,25.520842620186112,26.24448811509877,26.43754843223056
2026-08-07 10:00:00+00:00,25.351661639147224,25.517777540326765,26.29786819236389
2026-08-07 11:00:00+00:00,25.23366512923333,25.80515179867432,26.11779836227222
2026-08-07 12:00:00+00:00,25.623515770947225,25.936908970283568,25.96690647398333
2026-08-07 13:00:00+00:00,25.491093253391668,26.00537489595168,25.88222342366667
2026-08-07 14:00:00+00:00,25.531963755969443,26.024740043616,25.864483978636112
2026-08-07 15:00:00+00:00,27.067345717125,25.669231959179246,25.936540829197224
2026-08-07 16:00:00+00:00,27.71595923181667,26.20758658082905,26.06098976795556
2026-08-07 17:00:00+00:00,27.83281757116111,26.255563135723875,25.830132952125
2026-08-07 18:00:00+00:00,27.757463651347223,26.66049502392989,25.97466278431111
2026-08-07 19:00:00+00:00,27.605334718969445,26.628945089720215,26.24251790613889
2026-08-07 20:00:00+00:00,27.59848558270556,26.7419522858532,26.11554948001111
2026-08-07 21:00:00+00:00,27.366764816722224,26.674928017930707,25.75940420108334
2026-08-07 22:00:00+00:00,25.626722873591664,26.049181170571927,25.473582437866668
2026-08-07 23:00:00+00:00,25.94919350751111,25.686099070922165,24.45235012725833
2026-08-08 00:00:00+00:00,25.81272529536389,25.68727950027257,25.325217099777777
2026-08-08 01:00:00+00:00,25.39903867917777,25.84749636725657,26.685638911491665
2026-08-08 02:00:00+00:00,25.16484079785833,26.21208324673797,27.173044577527776
2026-08-08 03:00:00+00:00,25.737700273030555,26.67411227916157,27.49991347096944
2026-08-08 04:00:00+00:00,25.921545048261112,26.393013723508027,27.752571726625
2026-08-08 05:00:00+00:00,26.734977144669443,26.556669674528695,28.25077345878611
2026-08-08 06:00:00+00:00,27.59929118237778,26.729786858488133,26.920444555352777
2026-08-08 07:00:00+00:00,27.746631490569445,26.45174052066375,25.76186284731389
2026-08-08 08:00:00+00:00,26.405290902002776,26.78340583637918,25.572328029997223
2026-08-08 09:00:00+00:00,25.24049895761389,26.634735273764587,25.520842620186112
2026-08-08 10:00:00+00:00,25.119659504652777,26.812404295409124,25.351661639147224
2026-08-08 11:00:00+00:00,25.64752132351112,26.785131814387654,25.23366512923333
2026-08-08 12:00:00+00:00,25.26187610485556,26.871380397899184,25.623515770947225
2026-08-08 13:00:00+00:00,25.661575490341665,26.52141264636373,25.491093253391668
2026-08-08 14:00:00+00:00,25.166477097963888,26.40494446955324,25.531963755969443
2026-08-08 15:00:00+00:00,25.69991473642222,26.770898475206014,27.067345717125
2026-08-08 16:00:00+00:00,25.471634914297223,27.139660863397793,27.71595923181667
2026-08-08 17:00:00+00:00,26.13528481828056,26.829710572901664,27.83281757116111
2026-08-08 18:00:00+00:00,24.326109684366667,26.42144083775566,27.757463651347223
2026-08-08 19:00:00+00:00,23.557958352344443,26.393387481634726,27.605334718969445
2026-08-08 20:00:00+00:00,23.453674193141666,26.465387714522105,27.59848558270556
2026-08-08 21:00:00+00:00,23.28791476348056,25.926702371382692,27.366764816722224
2026-08-08 22:00:00+00:00,23.033948238397222,25.4468027977042,25.626722873591664
2026-08-08 23:00:00+00:00,24.04252326095555,25.112664669278228,25.94919350751111
2026-08-09 00:00:00+00:00,24.967145911094445,25.06880802538122,25.81272529536389
2026-08-09 01:00:00+00:00,25.231014106475,24.788125563730816,25.39903867917777
2026-08-09 02:00:00+00:00,25.3553309843,25.21301760410196,25.16484079785833
2026-08-09 03:00:00+00:00,25.675920768425,26.17177741728486,25.737700273030555
2026-08-09 04:00:00+00:00,26.231604162097224,26.79250498497353,25.921545048261112
2026-08-09 05:00:00+00:00,26.750931851127778,27.247314124508673,26.734977144669443
2026-08-09 06:00:00+00:00,25.857313753463888,27.96594901223111,27.59929118237778
2026-08-09 07:00:00+00:00,26.550044636519445,28.02194713290654,27.746631490569445
2026-08-09 08:00:00+00:00,27.0284089164,27.476038885074722,26.405290902002776
2026-08-09 09:00:00+00:00,26.56597277306389,26.767503848823644,25.24049895761389
2026-08-09 10:00:00+00:00,25.09338242144445,26.595001548442458,25.119659504652777
2026-08-09 11:00:00+00:00,24.839217544933334,26.391300662061926,25.64752132351112
2026-08-09 12:00:00+00:00,25.07390635055556,26.69693708295722,25.26187610485556
2026-08-09 13:00:00+00:00,24.759225235469444,26.58212684074663,25.661575490341665
2026-08-09 14:00:00+00:00,24.28441506693056,26.254290864358634,25.166477097963888
2026-08-09 15:00:00+00:00,25.53141469965277,26.180970287006556,25.69991473642222
2026-08-09 16:00:00+00:00,24.470880751736114,26.262984624876932,25.471634914297223
2026-08-09 17:00:00+00:00,23.95901968636112,26.8114674423986,26.13528481828056
2026-08-09 18:00:00+00:00,24.874172748941664,26.322222402502792,24.326109684366667
2026-08-09 19:00:00+00:00,25.03642170455556,25.58525484063375,23.557958352344443
2026-08-09 20:00:00+00:00,24.451867211786112,25.514100613215867,23.453674193141666
2026-08-09 21:00:00+00:00,24.66680789503611,25.421297505954758,23.28791476348056
2026-08-09 22:00:00+00:00,25.083635697519444,25.3071477510888,23.033948238397222
2026-08-09 23:00:00+00:00,23.84976525773611,25.123746774914967,24.04252326095555
2026-08-10 00:00:00+00:00,23.009214082786112,25.4187558406599,24.967145911094445
2026-08-10 01:00:00+00:00,22.74692422635833,25.36767030647705,25.231014106475
2026-08-10 02:00:00+00:00,22.838038347419445,24.569442821599377,25.3553309843
2026-08-10 03:00:00+00:00,23.581758145544445,25.082849026581854,25.675920768425
2026-08-10 04:00:00+00:00,24.456616882297222,26.151920615787017,26.231604162097224
2026-08-10 05:00:00+00:00,25.658525076158337,26.542988054885328,26.750931851127778
2026-08-10 06:00:00+00:00,26.33498197455833,26.616161546637056,25.857313753463888
2026-08-10 07:00:00+00:00,26.788462992719445,27.144478633098498,26.550044636519445
2026-08-10 08:00:00+00:00,27.215297833675,27.342480582066752,27.0284089164
2026-08-10 09:00:00+00:00,26.145864682675,27.231098514859085,26.56597277306389
2026-08-10 10:00:00+00:00,25.06010750126389,26.530412519421684,25.09338242144445
2026-08-10 11:00:00+00:00,25.827678167463887,26.29388496037972,24.839217544933334
2026-08-10 12:00:00+00:00,25.13959131197222,26.399011635762776,25.07390635055556
2026-08-10 13:00:00+00:00,24.896358552152776,26.30902906772203,24.759225235469444
2026-08-10 14:00:00+00:00,24.897442930869445,25.958778624751154,24.28441506693056
2026-08-10 15:00:00+00:00,25.11152385973333,26.061665484687534,25.53141469965277
2026-08-10 16:00:00+00:00,24.998166281922224,26.0936408999798,24.470880751736114
2026-08-10 17:00:00+00:00,24.737652505908333,25.73293983414117,23.95901968636112
2026-08-10 18:00:00+00:00,24.71590438555,25.80847727793233,24.874172748941664
2026-08-10 19:00:00+00:00,25.76287194864722,26.144596019392637,25.03642170455556
2026-08-10 20:00:00+00:00,26.555104587352776,26.263478442067388,24.451867211786112
2026-08-10 21:00:00+00:00,26.01752418383056,26.118589759762234,24.66680789503611
2026-08-10 22:00:00+00:00,24.40177690230556,25.938959067466634,25.083635697519444
2026-08-10 23:00:00+00:00,23.692558574558333,25.76346316095049,23.84976525773611
2026-08-11 00:00:00+00:00,25.1655813518,25.697716112171015,23.009214082786112
2026-08-11 01:00:00+00:00,25.714023071991665,25.53803359137111,22.74692422635833
2026-08-11 02:00:00+00:00,25.929452288988887,25.924469389230932,22.838038347419445
2026-08-11 03:00:00+00:00,26.06754039790278,25.77375502066858,23.581758145544445
2026-08-11 04:00:00+00:00,26.411097667369447,25.83054339786572,24.456616882297222
2026-08-11 05:00:00+00:00,26.73212830212222,26.50938442324837,25.658525076158337
2026-08-11 06:00:00+00:00,27.072036829633333,26.69184175476857,26.33498197455833
2026-08-11 07:00:00+00:00,27.35395892955556,27.1390375291353,26.788462992719445
2026-08-11 08:00:00+00:00,26.73096258098333,27.052593687934937,27.215297833675
2026-08-11 09:00:00+00:00,25.75552852545277,26.52101112961223,26.145864682675
2026-08-11 10:00:00+00:00,26.668194997483337,26.236169481136077,25.06010750126389
2026-08-11 11:00:00+00:00,26.812991193830555,26.290251520488393,25.827678167463887
2026-08-11 12:00:00+00:00,26.79819757788889,26.135822439295787,25.13959131197222
2026-08-11 13:00:00+00:00,26.58678716587778,26.196344260502972,24.896358552152776
2026-08-11 14:00:00+00:00,26.39568852863333,26.234322425668495,24.897442930869445
2026-08-11 15:00:00+00:00,26.02583415380555,25.83354024484796,25.11152385973333
2026-08-11 16:00:00+00:00,25.42528437925,25.87249998583491,24.998166281922224
2026-08-11 17:00:00+00:00,24.67390427930833,25.232841310871667,24.737652505908333
2026-08-11 18:00:00+00:00,24.12523445698889,24.775673192506193,24.71590438555
2026-08-11 19:00:00+00:00,24.15740183233333,25.13879620549838,25.76287194864722
2026-08-11 20:00:00+00:00,23.941685544319444,24.83988621305588,26.555104587352776
2026-08-11 21:00:00+00:00,23.407606238588887,24.213380042880985,26.01752418383056
2026-08-11 22:00:00+00:00,22.325309124452776,24.094597452798112,24.40177690230556
2026-08-11 23:00:00+00:00,22.10992330863333,23.730981063842354,23.692558574558333
2026-08-12 00:00:00+00:00,21.709117280230554,23.191879306056183,25.1655813518
2026-08-12 01:00:00+00:00,21.36078573061111,23.06492306151448,25.714023071991665
2026-08-12 02:00:00+00:00,21.054191101025,22.873683136116835,25.929452288988887
2026-08-12 03:00:00+00:00,22.234778325708334,24.455331575655336,26.06754039790278
2026-08-12 04:00:00+00:00,23.56593844348889,25.088947798822826,26.411097667369447
2026-08-12 05:00:00+00:00,24.82108665635,25.471353519983296,26.73212830212222
2026-08-12 06:00:00+00:00,25.872087769219444,25.619207777351004,27.072036829633333
2026-08-12 07:00:00+00:00,26.213986038066665,25.810154403342267,27.35395892955556
2026-08-12 08:00:00+00:00,26.29704907615833,25.77356643831326,26.73096258098333
2026-08-12 09:00:00+00:00,26.065279687491667,25.894970826170436,25.75552852545277
2026-08-12 10:00:00+00:00,26.018223257358333,26.093452959062954,26.668194997483337
2026-08-12 11:00:00+00:00,25.872166158977777,25.744878304006864,26.812991193830555
2026-08-12 12:00:00+00:00,25.787127792416666,25.897805572644817,26.79819757788889
2026-08-12 13:00:00+00:00,25.67045753441112,26.10210179874065,26.58678716587778
2026-08-12 14:00:00+00:00,25.55628838118889,25.974418191469475,26.39568852863333
2026-08-12 15:00:00+00:00,25.358994104,25.606450209440062,26.02583415380555
2026-08-12 16:00:00+00:00,24.909403377658336,25.337110547337648,25.42528437925
2026-08-12 17:00:00+00:00,24.46408604428889,24.920357747806232,24.67390427930833
2026-08-12 18:00:00+00:00,23.88908667035556,24.655411854257835,24.12523445698889
2026-08-12 19:00:00+00:00,23.50147600901111,24.242006200769275,24.15740183233333
2026-08-12 20:00:00+00:00,23.355524328016667,24.12785993748824,23.941685544319444
2026-08-12 21:00:00+00:00,22.6856375941,24.00696600741327,23.407606238588887
2026-08-12 22:00:00+00:00,21.77105762295277,21.722018727377883,22.325309124452776
2026-08-12 23:00:00+00:00,21.120283294330555,21.911548126403396,22.10992330863333
2026-08-13 00:00:00+00:00,20.728698162919443,21.828034123820437,21.709117280230554
2026-08-13 01:00:00+00:00,20.291295732947223,21.864808147221517,21.36078573061111
2026-08-13 02:00:00+00:00,19.982695511130554,22.539699504898028,21.054191101025
2026-08-13 03:00:00+00:00,21.54749846071944,23.03258040212624,22.234778325708334
2026-08-13 04:00:00+00:00,23.40785374378611,23.986528681200234,23.56593844348889
2026-08-13 05:00:00+00:00,24.699998697877778,25.557046711202254,24.82108665635
2026-08-13 06:00:00+00:00,25.552622898002777,25.8652959985778,25.872087769219444
2026-08-13 07:00:00+00:00,25.92730735642778,25.710942453295765,26.213986038066665
2026-08-13 08:00:00+00:00,25.78641524736111,26.294508683615188,26.29704907615833
2026-08-13 09:00:00+00:00,25.78677754599167,25.758336485705826,26.065279687491667
2026-08-13 10:00:00+00:00,25.41018982863333,25.04288415725311,26.018223257358333
2026-08-13 11:00:00+00:00,25.037496494166664,25.17824437752065,25.872166158977777
2026-08-13 12:00:00+00:00,24.941331180644443,25.66485602317338,25.787127792416666
2026-08-13 13:00:00+00:00,25.058750035238887,25.30560520894085,25.67045753441112
2026-08-13 14:00:00+00:00,25.00863840112778,24.719046761659143,25.55628838118889
2026-08-13 15:00:00+00:00,24.564246188341667,24.48157871274551,25.358994104
2026-08-13 16:00:00+00:00,23.91286069066111,24.023446375189014,24.909403377658336
2026-08-13 17:00:00+00:00,23.248865440566664,23.26465727679541,24.46408604428889
2026-08-13 18:00:00+00:00,22.670551438552778,23.01550222768571,23.88908667035556
2026-08-13 19:00:00+00:00,22.34838911540277,23.366193804491115,23.50147600901111
2026-08-13 20:00:00+00:00,21.937344467613887,23.57289885775825,23.355524328016667
2026-08-13 21:00:00+00:00,21.95341593008611,22.79668841174561,22.6856375941
2026-08-13 22:00:00+00:00,22.10273824831112,22.428880391866873,21.77105762295277
2026-08-13 23:00:00+00:00,21.41344551008611,22.694167898155317,21.120283294330555
2026-08-14 00:00:00+00:00,20.72836060933611,22.665482824123433,20.728698162919443
2026-08-14 01:00:00+00:00,20.25243085498612,22.770086605882806,20.291295732947223
2026-08-14 02:00:00+00:00,19.99001240436111,22.75574887276721,19.982695511130554
2026-08-14 03:00:00+00:00,21.427838870036112,23.0337711323165,21.54749846071944
2026-08-14 04:00:00+00:00,23.35406384685556,24.117711843606237,23.40785374378611
2026-08-14 05:00:00+00:00,24.712230731666665,25.15531451608786,24.699998697877778
2026-08-14 06:00:00+00:00,25.68949100758056,26.117153533783135,25.552622898002777
2026-08-14 07:00:00+00:00,26.027207006083334,27.070436508422965,25.92730735642778
2026-08-14 08:00:00+00:00,25.981292726775,27.082098471244525,25.78641524736111
2026-08-14 09:00:00+00:00,25.846595245469445,26.932047454119534,25.78677754599167
2026-08-14 10:00:00+00:00,25.542792099472223,26.390423219442315,25.41018982863333
2026-08-14 11:00:00+00:00,25.58769851071111,26.164222010015397,25.037496494166664
2026-08-14 12:00:00+00:00,25.906127913972224,26.177815302870105,24.941331180644443
2026-08-14 13:00:00+00:00,25.93657742485,26.015452175658062,25.058750035238887
2026-08-14 14:00:00+00:00,25.74715690523056,26.327819002817694,25.00863840112778
2026-08-14 15:00:00+00:00,25.520636718383333,25.94798115478327,24.564246188341667
2026-08-14 16:00:00+00:00,25.12839457873333,25.815995335552977,23.91286069066111
2026-08-14 17:00:00+00:00,24.54684921392777,25.150978934528418,23.248865440566664
2026-08-14 18:00:00+00:00,23.898243596472224,25.03137031723916,22.670551438552778
2026-08-14 19:00:00+00:00,24.077181455066665,24.381744714748915,22.34838911540277
2026-08-14 20:00:00+00:00,24.06018697433056,23.825579281944634,21.937344467613887
2026-08-14 21:00:00+00:00,24.020035067861112,23.50418084863197,21.95341593008611
2026-08-14 22:00:00+00:00,23.33212410515833,23.722274033784668,22.10273824831112
2026-08-14 23:00:00+00:00,23.21899221383612,22.70515967320848,21.41344551008611
2026-08-15 00:00:00+00:00,22.826800311325,22.422199397050445,20.72836060933611
2026-08-15 01:00:00+00:00,22.490805081319447,22.26778133630619,20.25243085498612
2026-08-15 02:00:00+00:00,22.71737881000833,22.376740177311042,19.99001240436111
2026-08-15 03:00:00+00:00,23.48277933569722,22.839249175304364,21.427838870036112
2026-08-15 04:00:00+00:00,24.92199896808889,24.70038567524553,23.35406384685556
2026-08-15 05:00:00+00:00,26.04074661443612,25.981259795262652,24.712230731666665
2026-08-15 06:00:00+00:00,26.70487625099722,26.964697421918594,25.68949100758056
2026-08-15 07:00:00+00:00,26.96542744592222,27.227428572287042,26.027207006083334
2026-08-15 08:00:00+00:00,26.940450118230554,27.10736977858939,25.981292726775
2026-08-15 09:00:00+00:00,26.953876120341665,27.00307815529391,25.846595245469445
2026-08-15 10:00:00+00:00,26.915443859530555,26.673408431836997,25.542792099472223
2026-08-15 11:00:00+00:00,26.887597442819445,26.33376791949255,25.58769851071111
2026-08-15 12:00:00+00:00,27.009823348480555,26.52531157512262,25.906127913972224
2026-08-15 13:00:00+00:00,27.047411998719443,26.46244233841604,25.93657742485
2026-08-15 14:00:00+00:00,26.960457140144445,26.631492925116095,25.74715690523056
2026-08-15 15:00:00+00:00,26.90813183943056,26.298644085207613,25.520636718383333
2026-08-15 16:00:00+00:00,26.76926948222778,26.480285520903536,25.12839457873333
2026-08-15 17:00:00+00:00,26.30073714945,26.28394623887851,24.54684921392777
2026-08-15 18:00:00+00:00,25.904240173236115,25.05584517619921,23.898243596472224
2026-08-15 19:00:00+00:00,25.626697083958334,24.87709668994435,24.077181455066665
2026-08-15 20:00:00+00:00,25.75032236210556,24.83130237643648,24.06018697433056
2026-08-15 21:00:00+00:00,25.52771270108056,24.698734557682233,24.020035067861112
2026-08-15 22:00:00+00:00,25.21345138530556,24.307938684954447,23.33212410515833
2026-08-15 23:00:00+00:00,24.70105584476945,24.0786002129431,23.21899221383612
2026-08-16 00:00:00+00:00,24.13795853523889,23.915005141236676,22.826800311325
2026-08-16 01:00:00+00:00,24.44122520168889,23.844948184901654,22.490805081319447
2026-08-16 02:00:00+00:00,24.311749069233333,23.975072948077077,22.71737881000833
2026-08-16 03:00:00+00:00,24.88212939700556,24.321580120408438,23.48277933569722
2026-08-16 04:00:00+00:00,26.050404273113887,26.22751543228899,24.92199896808889
2026-08-16 05:00:00+00:00,26.97954404748889,27.230996140397487,26.04074661443612
2026-08-16 06:00:00+00:00,27.62830103718611,27.554276792482412,26.70487625099722
2026-08-16 07:00:00+00:00,26.81425819890833,27.62607602810215,26.96542744592222
2026-08-16 08:00:00+00:00,24.981325689947223,27.44980974787987,26.940450118230554
2026-08-16 09:00:00+00:00,24.90944102841111,27.059081228098183,26.953876120341665
2026-08-16 10:00:00+00:00,24.693702288,26.514320767151293,26.915443859530555
2026-08-16 11:00:00+00:00,24.77164658865,26.224299139864847,26.887597442819445
2026-08-16 12:00:00+00:00,25.461072508886108,26.294524038997313,27.009823348480555
2026-08-16 13:00:00+00:00,25.03521856941111,26.472351844875778,27.047411998719443
2026-08-16 14:00:00+00:00,25.000234819383333,26.643090430004403,26.960457140144445
2026-08-16 15:00:00+00:00,24.63983400996389,27.100625509054503,26.90813183943056
2026-08-16 16:00:00+00:00,24.706859681622223,27.05032316136784,26.76926948222778
2026-08-16 17:00:00+00:00,25.580610220344443,26.79297274592475,26.30073714945
2026-08-16 18:00:00+00:00,25.83640088202777,26.66038378057549,25.904240173236115
2026-08-16 19:00:00+00:00,25.97556774902778,26.44408562122643,25.626697083958334
2026-08-16 20:00:00+00:00,26.215825553775,26.43492592422951,25.75032236210556
2026-08-16 21:00:00+00:00,26.08976640323333,26.082443796196486,25.52771270108056
2026-08-16 22:00:00+00:00,25.946406773247222,25.949068055132717,25.21345138530556
2026-08-16 23:00:00+00:00,25.626855951997225,25.850346321891685,24.70105584476945
2026-08-17 00:00:00+00:00,25.58786677015277,25.048629728187493,24.13795853523889
2026-08-17 01:00:00+00:00,25.49877103948889,25.369304639116226,24.44122520168889
2026-08-17 02:00:00+00:00,25.55950236091389,25.661795835043144,24.311749069233333
2026-08-17 03:00:00+00:00,25.72853718863611,26.431540251516935,24.88212939700556
2026-08-17 04:00:00+00:00,26.37885620108056,27.021407569208293,26.050404273113887
2026-08-17 05:00:00+00:00,27.09073645394167,27.56168729574636,26.97954404748889
2026-08-17 06:00:00+00:00,27.660232974838888,28.063775265117375,27.62830103718611
2026-08-17 07:00:00+00:00,27.37784554686111,27.634157878342233,26.81425819890833
2026-08-17 08:00:00+00:00,26.84899997558056,26.728828118141617,24.981325689947223
2026-08-17 09:00:00+00:00,27.014958271391663,26.317030487848413,24.90944102841111
2026-08-25 10:00:00+00:00,25.92324116331389,26.845097848337264,26.90373895431389
2026-08-25 11:00:00+00:00,26.182591484694445,26.549603732220433,26.768976355863888
2026-08-25 12:00:00+00:00,26.242297375822226,26.690917612373617,26.75907726936389
2026-08-25 13:00:00+00:00,26.254044244697223,26.52325577343382,26.76454758216111
2026-08-25 14:00:00+00:00,26.03862718450833,26.160532470854914,26.76085886156389
2026-08-25 15:00:00+00:00,25.859339256675,25.836511309531893,26.667578095691667
2026-08-25 16:00:00+00:00,25.522187490136115,25.731360825438227,26.371919399219447
2026-08-25 17:00:00+00:00,25.47942940770833,25.34575867686353,25.90701887235556
2026-08-25 18:00:00+00:00,25.43726401611111,25.075304780122114,25.530325784566667
2026-08-25 19:00:00+00:00,25.605680958627776,24.835104525755508,25.426729399675
2026-08-25 20:00:00+00:00,25.538970621097224,24.896937120622063,25.41480472188056
2026-08-25 21:00:00+00:00,24.790050088058337,25.71537479099475,25.139086596025
2026-08-25 22:00:00+00:00,24.31161167736389,25.3751299885166,24.62048011183333
2026-08-25 23:00:00+00:00,23.948123701825,24.774169649252908,24.27974812193889
2026-08-26 00:00:00+00:00,23.661096544205552,24.08375847150023,23.99857595598333
2026-08-26 01:00:00+00:00,23.402103637127777,23.604892383951878,23.903644489697225
2026-08-26 02:00:00+00:00,23.398108917869447,23.437301747394137,23.71298043303611
2026-08-26 03:00:00+00:00,23.29373745584722,23.419277046573463,23.483042706619443
2026-08-26 04:00:00+00:00,23.18311604948333,23.947541689905947,23.42512601345833
2026-08-26 05:00:00+00:00,23.49697915231112,24.57921176872422,23.359133856422226
2026-08-26 06:00:00+00:00,23.88428402794722,24.790530316460515,23.799707709469445
2026-08-26 07:00:00+00:00,24.176134274825,25.52358011604853,24.28727847995277
2026-08-26 08:00:00+00:00,24.327394720019445,26.18387925507033,25.01356574706389
2026-08-26 09:00:00+00:00,23.63958827363889,25.999442521778136,25.478857003741663
2026-08-26 10:00:00+00:00,23.156770240933337,26.131188203943214,25.92324116331389
2026-08-26 11:00:00+00:00,23.20966472416111,26.26394686728469,26.182591484694445
2026-08-26 12:00:00+00:00,23.072286368144447,25.363275535992212,26.242297375822226
2026-08-26 13:00:00+00:00,23.163732802688887,25.279487506683694,26.254044244697223
2026-08-26 14:00:00+00:00,23.45166299260556,25.297752192769345,26.03862718450833
2026-08-26 15:00:00+00:00,23.363080831197223,25.27028899423869,25.859339256675
2026-08-26 16:00:00+00:00,22.88838099624722,24.990109553440757,25.522187490136115
2026-08-26 17:00:00+00:00,23.13232220035556,24.98176169274217,25.47942940770833
2026-08-26 18:00:00+00:00,23.65967373302222,24.3159917372397,25.43726401611111
2026-08-26 19:00:00+00:00,23.92762056394167,24.168896170857018,25.605680958627776
2026-08-26 20:00:00+00:00,23.96628462721667,24.401192922941856,25.538970621097224
2026-08-26 21:00:00+00:00,23.81269909965556,24.765157929220283,24.790050088058337
2026-08-26 22:00:00+00:00,23.298868897011115,24.29340842396676,24.31161167736389
2026-08-26 23:00:00+00:00,23.030872587636114,23.56077968051435,23.948123701825
2026-08-27 00:00:00+00:00,23.042179039916665,23.584637705094252,23.661096544205552
2026-08-27 01:00:00+00:00,22.72998614702222,23.520305686556945,23.402103637127777
2026-08-27 02:00:00+00:00,22.58469961398889,23.77725995873055,23.398108917869447
2026-08-27 03:00:00+00:00,22.800797430533333,23.906251482221876,23.29373745584722
2026-08-27 04:00:00+00:00,23.847494399552776,24.338945273624507,23.18311604948333
2026-08-27 05:00:00+00:00,24.71821062036389,24.592536992455212,23.49697915231112
2026-08-27 06:00:00+00:00,25.17286503015556,25.19227759738006,23.88428402794722
2026-08-27 07:00:00+00:00,24.900886778875,25.831142849200837,24.176134274825
2026-08-27 08:00:00+00:00,24.84999160741112,26.28349929241907,24.327394720019445
2026-08-27 09:00:00+00:00,24.78433646901389,25.921616141996083,23.63958827363889
2026-08-27 10:00:00+00:00,24.690677391997223,25.42437358087678,23.156770240933337
2026-08-27 11:00:00+00:00,24.78950747236389,25.50701068765833,23.20966472416111
2026-08-27 12:00:00+00:00,24.85771155244444,25.346300543019538,23.072286368144447
2026-08-27 13:00:00+00:00,25.015766577947225,25.371671636886354,23.163732802688887
2026-08-27 14:00:00+00:00,25.07232466928889,25.34773258553931,23.45166299260556
2026-08-27 15:00:00+00:00,24.99322256490278,25.354225878743136,23.363080831197223
2026-08-27 16:00:00+00:00,24.69903806624167,25.44294044710392,22.88838099624722
2026-08-27 17:00:00+00:00,24.38248672895278,25.199812301247384,23.13232220035556
2026-08-27 18:00:00+00:00,23.919345812219444,24.6191523245432,23.65967373302222
2026-08-27 19:00:00+00:00,23.52351277631111,24.29951482514829,23.92762056394167
2026-08-27 20:00:00+00:00,23.45221491076389,24.230162465904428,23.96628462721667
2026-08-27 21:00:00+00:00,23.3363528168,24.192945604284905,23.81269909965556
2026-08-27 22:00:00+00:00,23.11853569428611,24.052439039301195,23.298868897011115
2026-08-27 23:00:00+00:00,22.07143360173056,23.918851671582868,23.030872587636114
2026-08-28 00:00:00+00:00,21.67263580243611,23.78912767553471,23.042179039916665
2026-08-28 01:00:00+00:00,21.51652458520556,23.667027833768035,22.72998614702222
2026-08-28 02:00:00+00:00,21.40787163715278,23.607932255128752,22.58469961398889
2026-08-28 03:00:00+00:00,21.599763754241668,23.666042735923224,22.800797430533333
2026-08-28 04:00:00+00:00,22.93303233428056,24.56393579610336,23.847494399552776
2026-08-28 05:00:00+00:00,24.13325510712222,25.42045190055211,24.71821062036389
2026-08-28 06:00:00+00:00,25.069831804813887,26.02831753796904,25.17286503015556
2026-08-28 07:00:00+00:00,25.58369996521389,26.48349524967011,24.900886778875
2026-08-28 08:00:00+00:00,25.73515055713333,26.551666651659037,24.84999160741112
2026-08-28 09:00:00+00:00,25.70062140271111,26.649083452599996,24.78433646901389
2026-08-28 10:00:00+00:00,25.64794459445556,26.61662500025863,24.690677391997223
2026-08-28 11:00:00+00:00,25.476339408363888,26.57040633145644,24.78950747236389
2026-08-28 12:00:00+00:00,25.417627026622224,26.38700545289273,24.85771155244444
2026-08-28 13:00:00+00:00,25.484760268141667,26.295281974961917,25.015766577947225
2026-08-28 14:00:00+00:00,25.60003034815556,26.343917320543422,25.07232466928889
2026-08-28 15:00:00+00:00,25.647618327769447,26.50698514774742,24.99322256490278
2026-08-28 16:00:00+00:00,25.42812768223333,26.44107847081548,24.69903806624167
2026-08-28 17:00:00+00:00,25.246754124802777,26.124874963240778,24.38248672895278
2026-08-28 18:00:00+00:00,24.75336921904722,25.406787245788184,23.919345812219444
2026-08-28 19:00:00+00:00,24.295738915502778,25.57896989339246,23.52351277631111
2026-08-28 20:00:00+00:00,23.96331642259722,24.776813929738456,23.45221491076389
2026-08-28 21:00:00+00:00,23.32696852736389,23.932733504288922,23.3363528168
2026-08-28 22:00:00+00:00,23.028510395372223,24.08775627871431,23.11853569428611
2026-08-28 23:00:00+00:00,22.479431230541664,23.68676761662839,22.07143360173056
2026-08-29 00:00:00+00:00,21.89222490988333,22.682504548863914,21.67263580243611
2026-08-29 01:00:00+00:00,21.146659609322224,22.874159334919714,21.51652458520556
2026-08-29 02:00:00+00:00,21.468047606425,22.717276531407176,21.40787163715278
2026-08-29 03:00:00+00:00,21.80645611263333,23.37846493727649,21.599763754241668
2026-08-29 04:00:00+00:00,23.09673084023056,24.473289376434476,22.93303233428056
2026-08-29 05:00:00+00:00,24.46799809686667,25.388428010385866,24.13325510712222
2026-08-29 06:00:00+00:00,25.31450949742778,25.77594832899751,25.069831804813887
2026-08-29 07:00:00+00:00,25.669917833697223,26.819389074280874,25.58369996521389
2026-08-29 08:00:00+00:00,25.88390149163889,27.012283474005816,25.73515055713333
2026-08-29 09:00:00+00:00,26.027864584669445,27.157635832167294,25.70062140271111
2026-08-29 10:00:00+00:00,26.03578317008889,26.710004675580336,25.64794459445556
2026-08-29 11:00:00+00:00,26.023997505455554,26.215997256530216,25.476339408363888
2026-08-29 12:00:00+00:00,26.028588548138888,26.142603699652188,25.417627026622224
2026-08-29 13:00:00+00:00,26.255128559575,26.11789117053876,25.484760268141667
2026-08-29 14:00:00+00:00,26.46596388357222,26.41728434930785,25.60003034815556
2026-08-29 15:00:00+00:00,26.58282527508611,26.510779529831094,25.647618327769447
2026-08-29 16:00:00+00:00,26.50982106555556,26.33056818656088,25.42812768223333
2026-08-29 17:00:00+00:00,26.294920970275,26.28903001274757,25.246754124802777
2026-08-29 18:00:00+00:00,26.08478913089445,25.921827498052608,24.75336921904722
2026-08-29 19:00:00+00:00,25.85945437816389,24.802062989876752,24.295738915502778
2026-08-29 20:00:00+00:00,25.59598594443333,24.545863159060254,23.96331642259722
2026-08-29 21:00:00+00:00,25.400087284416667,24.371122666575847,23.32696852736389
2026-08-29 22:00:00+00:00,24.922518970294444,24.446046879145094,23.028510395372223
2026-08-29 23:00:00+00:00,24.53248359413056,23.422938930238,22.479431230541664
2026-08-30 00:00:00+00:00,24.41915156758612,23.25822760171671,21.89222490988333
2026-08-30 01:00:00+00:00,24.06563082791111,22.635561194253107,21.146659609322224
2026-08-30 02:00:00+00:00,23.77764668781389,22.071657554018653,21.468047606425
2026-08-30 03:00:00+00:00,24.19787820376945,22.503029391663382,21.80645611263333
2026-08-30 04:00:00+00:00,24.74690515180556,23.987013841606554,23.09673084023056
2026-08-30 05:00:00+00:00,25.5964807942,25.629265723022865,24.46799809686667
2026-08-30 06:00:00+00:00,26.17943144497778,25.27780134617647,25.31450949742778
2026-08-30 07:00:00+00:00,26.46328473360556,26.290379746102772,25.669917833697223
2026-08-30 08:00:00+00:00,26.713796812791667,26.88729041750329,25.88390149163889
2026-08-30 09:00:00+00:00,26.897423964477778,26.951853285203455,26.027864584669445
2026-08-30 10:00:00+00:00,26.89632577892778,26.67233900798918,26.03578317008889
2026-08-30 11:00:00+00:00,26.827889161452777,26.587652070315176,26.023997505455554
2026-08-30 12:00:00+00:00,26.90220690559722,26.300430067168897,26.028588548138888
2026-08-30 13:00:00+00:00,26.940418846591665,26.493470746055937,26.255128559575
2026-08-30 14:00:00+00:00,26.96085728003056,26.598202171154156,26.46596388357222
2026-08-30 15:00:00+00:00,26.91106582692778,26.97351284138348,26.58282527508611
2026-08-30 16:00:00+00:00,26.711973675780555,27.043116338727,26.50982106555556
2026-08-30 17:00:00+00:00,26.461728861369448,26.445090932889467,26.294920970275
2026-08-30 18:00:00+00:00,26.21569400880833,26.225286504700396,26.08478913089445
2026-08-30 19:00:00+00:00,26.30061782942778,25.934517342515537,25.85945437816389
2026-08-30 20:00:00+00:00,25.961307345325,25.320658332174887,25.59598594443333
2026-08-30 21:00:00+00:00,25.48709599468056,25.640644854358122,25.400087284416667
2026-08-30 22:00:00+00:00,25.237329438566665,25.151678157778534,24.922518970294444
2026-08-30 23:00:00+00:00,25.37062700053889,24.03311497209165,24.53248359413056
2026-08-31 00:00:00+00:00,25.295428676994444,23.942639435116913,24.41915156758612
2026-08-31 01:00:00+00:00,24.964341520266668,23.40956153929797,24.06563082791111
2026-08-31 02:00:00+00:00,24.93061447601389,23.107457635080607,23.77764668781389
2026-08-31 03:00:00+00:00,24.823552431705554,23.178190843926753,24.19787820376945
2026-08-31 04:00:00+00:00,25.502853815275003,24.437490680770452,24.74690515180556
2026-08-31 05:00:00+00:00,26.434974461419444,25.63838479376733,25.5964807942
2026-08-31 06:00:00+00:00,27.089587394172224,26.71818833314355,26.17943144497778
2026-08-31 07:00:00+00:00,27.39597768412777,27.117287543294136,26.46328473360556
2026-08-31 08:00:00+00:00,27.631060925102776,27.320145519447188,26.713796812791667
2026-08-31 09:00:00+00:00,27.710750748555554,27.407697446112287,26.897423964477778
2026-08-31 10:00:00+00:00,27.141724863333334,27.051650775754908,26.89632577892778
2026-08-31 11:00:00+00:00,25.5466060158,26.825704053530856,26.827889161452777
2026-08-31 12:00:00+00:00,25.201051789041667,26.77235173338594,26.90220690559722
2026-08-31 13:00:00+00:00,25.18961688903056,26.734209327514577,26.940418846591665
2026-08-31 14:00:00+00:00,26.539739731794445,26.6071807316696,26.96085728003056
2026-08-31 15:00:00+00:00,25.59375620111111,26.692028946881955,26.91106582692778
2026-08-31 16:00:00+00:00,24.9404209071,26.741605344827935,26.711973675780555
2026-08-31 17:00:00+00:00,25.98776851383333,26.356703619737424,26.461728861369448
2026-08-31 18:00:00+00:00,26.17743045363056,26.140494322771325,26.21569400880833
2026-08-31 19:00:00+00:00,25.956538476066665,25.22629090990267,26.30061782942778
2026-08-31 20:00:00+00:00,25.726985434555555,25.252263463856515,25.961307345325
2026-08-31 21:00:00+00:00,25.47828904929722,25.947568312558683,25.48709599468056
2026-08-31 22:00:00+00:00,25.256696885922224,25.471136390114697,25.237329438566665
2026-08-31 23:00:00+00:00,25.202133565391662,24.999481881745087,25.37062700053889
2026-09-01 00:00:00+00:00,24.927785393105555,24.104220155834664,25.295428676994444
2026-09-01 01:00:00+00:00,24.46000017461111,24.1240558813975,24.964341520266668
2026-09-01 02:00:00+00:00,24.313699002875,24.414844122143762,24.93061447601389
2026-09-01 03:00:00+00:00,24.357198459411112,24.382709850575665,24.823552431705554
2026-09-01 04:00:00+00:00,25.065539710977777,24.907102315506066,25.502853815275003
2026-09-01 05:00:00+00:00,26.06333011396111,25.919359318813118,26.434974461419444
2026-09-01 06:00:00+00:00,26.640665903475,26.986225845009447,27.089587394172224
2026-09-01 07:00:00+00:00,26.533199954641663,27.40100324776288,27.39597768412777
2026-09-01 08:00:00+00:00,26.617229389027774,27.408041472872714,27.631060925102776
2026-09-01 09:00:00+00:00,26.63037592889445,27.161985147838614,27.710750748555554
2026-09-01 10:00:00+00:00,26.800206653725,27.03355200768462,27.141724863333334
2026-09-01 11:00:00+00:00,26.955286882566668,26.618234941552835,25.5466060158
2026-09-01 12:00:00+00:00,27.15226168706111,26.436822970429706,25.201051789041667
2026-09-01 13:00:00+00:00,27.471344886913887,26.933677617427403,25.18961688903056
2026-09-01 14:00:00+00:00,27.5066598521,27.01861757796731,26.539739731794445
2026-09-01 15:00:00+00:00,27.45078499165277,26.967308686430474,25.59375620111111
2026-09-01 16:00:00+00:00,27.232711720725003,26.65456450613374,24.9404209071
2026-09-01 17:00:00+00:00,26.786952598641665,26.2140771557547,25.98776851383333
2026-09-01 18:00:00+00:00,26.140648592997223,26.301878442686252,26.17743045363056
2026-09-01 19:00:00+00:00,25.96377189376389,26.21409835606568,25.956538476066665
2026-09-01 20:00:00+00:00,25.89385260830833,25.52382615401626,25.726985434555555
2026-09-01 21:00:00+00:00,25.579532920233333,25.75869303724703,25.47828904929722
2026-09-01 22:00:00+00:00,25.143786713847224,25.17206979613516,25.256696885922224
2026-09-01 23:00:00+00:00,24.65000384121112,24.828022126627733,25.202133565391662
2026-09-02 00:00:00+00:00,24.344877824611107,24.086911359981944,24.927785393105555
2026-09-02 01:00:00+00:00,24.060118273175004,24.1499803800926,24.46000017461111
2026-09-02 02:00:00+00:00,23.828576163188888,24.24226198577834,24.313699002875
2026-09-02 03:00:00+00:00,23.941856663377777,24.858171800022458,24.357198459411112
2026-09-02 04:00:00+00:00,24.309763041569443,24.473313873752087,25.065539710977777
2026-09-02 05:00:00+00:00,25.10437784879444,25.41375113870235,26.06333011396111
2026-09-02 06:00:00+00:00,25.714908232966668,26.070589364613113,26.640665903475
2026-09-02 07:00:00+00:00,26.41906155046667,26.68922810599587,26.533199954641663
2026-09-02 08:00:00+00:00,26.897250759408333,27.467189342326716,26.617229389027774
2026-09-02 09:00:00+00:00,27.243793699052777,27.520956652481374,26.63037592889445
2026-09-02 10:00:00+00:00,27.24608355140556,27.03687410986081,26.800206653725
2026-09-02 11:00:00+00:00,27.242393363602776,27.004201091401537,26.955286882566668
2026-09-02 12:00:00+00:00,27.17553079147778,26.943245502933,27.15226168706111
2026-09-02 13:00:00+00:00,27.14748202737222,27.218550540978296,27.471344886913887
2026-09-02 14:00:00+00:00,27.121180912175003,27.18132630201457,27.5066598521
2026-09-02 15:00:00+00:00,25.78358961712222,26.96509473782727,27.45078499165277
2026-09-02 16:00:00+00:00,24.98834387710556,26.742607569359944,27.232711720725003
2026-09-02 17:00:00+00:00,24.623745408900003,26.522836879636323,26.786952598641665
2026-09-02 18:00:00+00:00,25.805654794436112,26.35112646012046,26.140648592997223
2026-09-02 19:00:00+00:00,26.37346097582778,26.411418264432243,25.96377189376389
2026-09-02 20:00:00+00:00,25.681181723391663,25.642507790461778,25.89385260830833
2026-09-02 21:00:00+00:00,24.906853287647223,25.246428090961825,25.579532920233333
2026-09-02 22:00:00+00:00,24.42227267928056,25.21428870504097,25.143786713847224
2026-09-02 23:00:00+00:00,24.61945949873333,24.67681909901186,24.65000384121112
2026-09-03 00:00:00+00:00,24.15500507555278,24.441930820077975,24.344877824611107
2026-09-03 01:00:00+00:00,24.052861350247223,23.178501881669785,24.060118273175004
2026-09-03 02:00:00+00:00,23.85550003570556,23.110055845824228,23.828576163188888
2026-09-03 03:00:00+00:00,23.814541942288887,23.477270118379835,23.941856663377777
2026-09-03 04:00:00+00:00,25.142962339486115,24.352905087463185,24.309763041569443
2026-09-03 05:00:00+00:00,26.10024939565833,25.34892561209187,25.10437784879444
2026-09-03 06:00:00+00:00,26.73608336611389,26.610725059014815,25.714908232966668
2026-09-03 07:00:00+00:00,27.147393125519443,27.251018194077677,26.41906155046667
2026-09-03 08:00:00+00:00,27.37651590026944,27.468519852943178,26.897250759408333
2026-09-03 09:00:00+00:00,27.380775852011112,27.644359557680428,27.243793699052777
2026-09-03 10:00:00+00:00,27.199336258411112,27.45214716414206,27.24608355140556
2026-09-03 11:00:00+00:00,27.14069527200556,27.195182908328007,27.242393363602776
2026-09-03 12:00:00+00:00,27.151853694077776,27.20627625701315,27.17553079147778
2026-09-03 13:00:00+00:00,27.187958299458334,27.25381120076427,27.14748202737222
2026-09-03 14:00:00+00:00,27.099289004588886,27.078913209314603,27.121180912175003
2026-09-03 15:00:00+00:00,26.894143478569447,27.059811178220002,25.78358961712222
2026-09-03 16:00:00+00:00,26.575716224163887,26.470689370083594,24.98834387710556
2026-09-03 17:00:00+00:00,26.21609262845277,26.40448236833336,24.623745408900003
2026-09-03 18:00:00+00:00,25.958138076166662,26.328097033935197,25.805654794436112
2026-09-03 19:00:00+00:00,25.70526300268333,25.70106607048223,26.37346097582778
2026-09-03 20:00:00+00:00,25.4613012249,25.63081147265747,25.681181723391663
2026-09-03 21:00:00+00:00,25.39496061057778,24.752295217663963,24.906853287647223
2026-09-03 22:00:00+00:00,25.10239105171112,23.909272515044073,24.42227267928056
2026-09-03 23:00:00+00:00,25.03475226648056,24.070047456155383,24.61945949873333
2026-09-04 00:00:00+00:00,24.963815067916663,23.865913453676026,24.15500507555278
2026-09-04 01:00:00+00:00,24.64184418311667,23.6077889293409,24.052861350247223
2026-09-04 02:00:00+00:00,24.34481926738611,23.57577905103855,23.85550003570556
2026-09-04 03:00:00+00:00,24.586829785444447,24.09291492706208,23.814541942288887
2026-09-04 04:00:00+00:00,25.40515373763056,25.037709826939505,25.142962339486115
2026-09-04 05:00:00+00:00,26.05298734833889,25.645450792207022,26.10024939565833
2026-09-04 06:00:00+00:00,26.62611954425,26.6238620338605,26.73608336611389
2026-09-04 07:00:00+00:00,26.87551899658056,27.1533339687667,27.147393125519443
2026-09-04 08:00:00+00:00,26.505506507533337,27.29799991985757,27.37651590026944
2026-09-04 09:00:00+00:00,26.480175644975,27.284791852177126,27.380775852011112
2026-09-04 10:00:00+00:00,26.63480549361944,26.874427915078773,27.199336258411112
2026-09-04 11:00:00+00:00,26.937731836266664,27.005864674378234,27.14069527200556
2026-09-04 12:00:00+00:00,27.18666717686111,27.08792856506443,27.151853694077776
2026-09-04 13:00:00+00:00,27.34995015870278,27.241584125166746,27.187958299458334
2026-09-04 14:00:00+00:00,27.41010202562778,27.148771319994154,27.099289004588886
2026-09-04 15:00:00+00:00,27.294307374408334,27.21887491935783,26.894143478569447
2026-09-04 16:00:00+00:00,26.866724513116665,26.870604312486055,26.575716224163887
2026-09-04 17:00:00+00:00,26.08757165486389,26.54096234737019,26.21609262845277
2026-09-04 18:00:00+00:00,25.73604547182778,26.384332333994927,25.958138076166662
2026-09-04 19:00:00+00:00,25.304663618611112,25.775743121314054,25.70526300268333
2026-09-04 20:00:00+00:00,24.92005108424722,25.420981282375873,25.4613012249
2026-09-04 21:00:00+00:00,24.80791286566111,24.41775078919927,25.39496061057778
2026-09-04 22:00:00+00:00,24.72447645155556,24.0854751359424,25.10239105171112
2026-09-04 23:00:00+00:00,24.26265937153056,24.012770245716847,25.03475226648056
2026-09-05 00:00:00+00:00,24.02574484573612,24.00100386354495,24.963815067916663
2026-09-05 01:00:00+00:00,23.61879273221111,23.988948469118537,24.64184418311667
2026-09-05 02:00:00+00:00,23.40395167864722,23.667600890046234,24.34481926738611
2026-09-05 03:00:00+00:00,23.598062282852776,24.315133468978118,24.586829785444447
2026-09-05 04:00:00+00:00,24.45485851277222,24.8008112674556,25.40515373763056
2026-09-05 05:00:00+00:00,25.58387905616389,25.855886320749992,26.05298734833889
2026-09-05 06:00:00+00:00,26.437218413322224,26.508859330679638,26.62611954425
2026-09-05 07:00:00+00:00,26.84454101020556,26.77702593499189,26.87551899658056
2026-09-05 08:00:00+00:00,26.852246571816664,26.609531035112546,26.505506507533337
2026-09-05 09:00:00+00:00,26.432065763866664,26.529397543611957,26.480175644975
2026-09-05 10:00:00+00:00,26.19824514028333,26.231151885153082,26.63480549361944
2026-09-05 11:00:00+00:00,25.93632160420833,25.909413585925545,26.937731836266664
2026-09-05 12:00:00+00:00,25.588408199869445,25.8637215060339,27.18666717686111
2026-09-05 13:00:00+00:00,25.315981713616665,25.685941310911954,27.34995015870278
2026-09-05 14:00:00+00:00,24.92104918270556,25.48736155645183,27.41010202562778
2026-09-05 15:00:00+00:00,24.41974496203056,24.981289685122935,27.294307374408334
2026-09-05 16:00:00+00:00,24.122798361055555,24.37267307146489,26.866724513116665
2026-09-05 17:00:00+00:00,23.702345753811112,24.820094148849346,26.08757165486389
2026-09-05 18:00:00+00:00,23.571061050827776,24.33046930219529,25.73604547182778
2026-09-05 19:00:00+00:00,23.25841559636945,23.95984720135042,25.304663618611112
2026-09-05 20:00:00+00:00,23.265499467458337,24.250087719879016,24.92005108424722
2026-09-05 21:00:00+00:00,23.18232058678889,24.07414949998954,24.80791286566111
2026-09-05 22:00:00+00:00,22.622989152300004,22.81612357008551,24.72447645155556
2026-09-05 23:00:00+00:00,22.04276950762777,22.889046817358953,24.26265937153056
2026-09-06 00:00:00+00:00,21.641816607527783,22.53374465619001,24.02574484573612
2026-09-06 01:00:00+00:00,21.191701920961112,22.183091591020027,23.61879273221111
2026-09-06 02:00:00+00:00,21.115970843247226,22.242407004368527,23.40395167864722
2026-09-06 03:00:00+00:00,21.036886675233333,22.784072357193732,23.598062282852776
2026-09-06 04:00:00+00:00,21.166599147413887,24.28289718920279,24.45485851277222
2026-09-06 05:00:00+00:00,21.45744760302222,24.69867704823913,25.58387905616389
2026-09-06 06:00:00+00:00,22.295182503002778,24.275029700245728,26.437218413322224
2026-09-06 07:00:00+00:00,23.529391235441665,24.720859776792697,26.84454101020556
2026-09-06 08:00:00+00:00,23.31743699418056,24.950207692192397,26.852246571816664
2026-09-06 09:00:00+00:00,22.50236592170833,24.722024182791152,26.432065763866664
2026-09-06 10:00:00+00:00,22.57249063771111,25.311946351845563,26.19824514028333
2026-09-06 11:00:00+00:00,22.725617981291663,25.24879797856235,25.93632160420833
2026-09-06 12:00:00+00:00,23.249074200602777,24.76330423430632,25.588408199869445
2026-09-06 13:00:00+00:00,23.389485913597223,24.11124651798717,25.315981713616665
2026-09-06 14:00:00+00:00,23.01946147392222,23.96928282070198,24.92104918270556
2026-09-06 15:00:00+00:00,23.126370769738887,24.216938116848013,24.41974496203056
2026-09-06 16:00:00+00:00,22.88304233880833,23.816829532337714,24.122798361055555
2026-09-06 17:00:00+00:00,22.541411243447225,23.77675583550171,23.702345753811112
2026-09-06 18:00:00+00:00,22.412265764847223,23.487437980096697,23.571061050827776
2026-09-06 19:00:00+00:00,22.124514336658336,23.349793506311887,23.25841559636945
2026-09-06 20:00:00+00:00,21.200051968644445,23.447534400305162,23.265499467458337
2026-09-06 21:00:00+00:00,21.15693497471111,23.951020723838294,23.18232058678889
2026-09-06 22:00:00+00:00,22.39005302858611,24.015656891811258,22.622989152300004
2026-09-06 23:00:00+00:00,23.03277901805,23.401997177970273,22.04276950762777
2026-09-07 00:00:00+00:00,22.99303238398055,23.280989402441953,21.641816607527783
2026-09-07 01:00:00+00:00,23.02260992073056,23.620838418411715,21.191701920961112
2026-09-07 02:00:00+00:00,23.03801684040833,23.897059924832302,21.115970843247226
2026-09-07 03:00:00+00:00,23.390794334691662,23.798536039869095,21.036886675233333
2026-09-07 04:00:00+00:00,24.539055928844444,23.454315469264838,21.166599147413887
2026-09-07 05:00:00+00:00,25.48630965486667,23.408337293952123,21.45744760302222
2026-09-07 06:00:00+00:00,25.994233198777778,24.187983127726167,22.295182503002778
2026-09-07 07:00:00+00:00,26.30939054497222,24.569976235277412,23.529391235441665
2026-09-07 08:00:00+00:00,26.264470941691663,25.03497646244768,23.31743699418056
2026-09-07 09:00:00+00:00,25.887930947494443,25.300900236768783,22.50236592170833
2026-09-07 10:00:00+00:00,25.43202400666389,25.220389642642555,22.57249063771111
2026-09-07 11:00:00+00:00,25.132721695038885,24.71427113769873,22.725617981291663
2026-09-07 12:00:00+00:00,25.006631639925004,24.979604031210958,23.249074200602777
2026-09-07 13:00:00+00:00,25.0995100403,24.76887156763979,23.389485913597223
2026-09-07 14:00:00+00:00,25.037648175836114,24.801123066831842,23.01946147392222
2026-09-07 15:00:00+00:00,24.59240992545833,24.062777136318402,23.126370769738887
2026-09-07 16:00:00+00:00,24.090265655216665,23.89067814368524,22.88304233880833
2026-09-07 17:00:00+00:00,23.893402871516667,23.57982061397846,22.541411243447225
2026-09-07 18:00:00+00:00,23.66913149163889,23.300057793142425,22.412265764847223
2026-09-07 19:00:00+00:00,23.309642874233333,23.559797822817927,22.124514336658336
2026-09-07 20:00:00+00:00,22.667535133033336,23.38871274669742,21.200051968644445
2026-09-07 21:00:00+00:00,21.86484712787222,23.857162304600624,21.15693497471111
2026-09-07 23:00:00+00:00,24.12429872625933,23.173740087485857,23.03277901805
2026-09-08 00:00:00+00:00,24.34125942178611,22.675578765683657,22.99303238398055
2026-09-08 01:00:00+00:00,24.491394072430555,22.650756715807102,23.02260992073056
2026-09-08 02:00:00+00:00,24.531427982997226,22.22531308368102,23.03801684040833
2026-09-08 03:00:00+00:00,24.71928266073056,22.87911347748432,23.390794334691662
2026-09-08 04:00:00+00:00,25.384971656302778,23.83743997788022,24.539055928844444
2026-09-08 05:00:00+00:00,26.039071188725,24.276840744006073,25.48630965486667
2026-09-08 06:00:00+00:00,26.39116667092222,24.089740761645754,25.994233198777778
2026-09-08 07:00:00+00:00,26.64997888089444,24.204152271194236,26.30939054497222
2026-09-08 08:00:00+00:00,26.806096492116662,25.165328339738725,26.264470941691663
2026-09-08 09:00:00+00:00,26.63196583733611,25.247729002197648,25.887930947494443
2026-09-08 10:00:00+00:00,26.332642986897223,24.874671570231342,25.43202400666389
2026-09-08 11:00:00+00:00,26.17531679168889,25.17660234119552,25.132721695038885
2026-09-08 12:00:00+00:00,26.106217182616664,25.624160126664453,25.006631639925004
2026-09-08 13:00:00+00:00,25.94550120592778,25.71241251758026,25.0995100403
2026-09-08 14:00:00+00:00,25.95709482733889,25.587231422728284,25.037648175836114
2026-09-08 15:00:00+00:00,25.71913501239722,25.23167151861337,24.59240992545833
2026-09-08 16:00:00+00:00,25.267895906447222,24.01695784233247,24.090265655216665
2026-09-08 17:00:00+00:00,24.787774817275,23.727091227896235,23.893402871516667
2026-09-08 18:00:00+00:00,24.495500995625004,23.522935654429958,23.66913149163889
2026-09-08 19:00:00+00:00,24.81953375705833,23.40940230964896,23.309642874233333
2026-09-08 20:00:00+00:00,24.644495197230555,22.746266109306838,22.667535133033336
2026-09-08 21:00:00+00:00,24.016501730858334,22.769087030739662,21.86484712787222
2026-09-09 23:00:00+00:00,24.624190066194444,25.02704079015366,24.90043164901389
2026-09-10 00:00:00+00:00,24.429065915947223,24.80513651916905,25.001196893366668
2026-09-10 01:00:00+00:00,23.72384460600277,24.80989738392312,25.00055532605556
2026-09-10 02:00:00+00:00,23.48499444950833,24.86552863481622,24.914676072919445
2026-09-10 03:00:00+00:00,23.659186884905555,25.025919920229132,25.13630830323611
2026-09-10 04:00:00+00:00,23.892636218377778,25.43211306782767,25.883816042491663
2026-09-10 05:00:00+00:00,24.09730387903889,26.495835090464364,26.506359037727776
2026-09-10 06:00:00+00:00,24.544552139844445,26.209904732619044,26.935946245952778
2026-09-10 07:00:00+00:00,24.408764937325,26.89263995200011,27.34044262699722
2026-09-10 08:00:00+00:00,24.066274487113887,26.412247747045843,27.556930096522223
2026-09-10 09:00:00+00:00,24.29537524181111,26.52316798768353,27.59795878505833
2026-09-10 12:00:00+00:00,25.07814038234087,26.71056862163388,27.427803147608333
2026-09-10 13:00:00+00:00,25.469429464002776,26.76600043672268,27.405563904119447
2026-09-10 14:00:00+00:00,25.71281007155278,26.704685081241234,27.468558964491667
2026-09-10 15:00:00+00:00,25.59466588230833,26.51672594244642,27.34062676625
2026-09-10 16:00:00+00:00,24.94297155711111,26.004267155371178,26.89116253540556
2026-09-10 17:00:00+00:00,24.60465458362222,25.771960315634626,26.52990190766667
2026-09-10 18:00:00+00:00,23.91658944871389,25.16418861157903,26.289390121516664
2026-09-10 19:00:00+00:00,23.36774856185,25.14873628960189,25.986265274866668
2026-09-10 20:00:00+00:00,23.227318347666667,24.500075372924822,25.923042194344443
2026-09-10 21:00:00+00:00,23.036381174238887,24.32200887160777,25.716432939616663
2026-09-10 22:00:00+00:00,22.40075937703611,23.87310818109343,25.24410915383056
2026-09-10 23:00:00+00:00,22.526903482994445,23.965458742218072,24.624190066194444
2026-09-11 00:00:00+00:00,22.566416571325004,23.721484133930552,24.429065915947223
2026-09-11 01:00:00+00:00,22.08678161563333,22.936488938408434,23.72384460600277
2026-09-11 02:00:00+00:00,21.820926033425,22.701034435454456,23.48499444950833
2026-09-11 03:00:00+00:00,22.15279729721389,23.012626695145116,23.659186884905555
2026-09-11 04:00:00+00:00,22.170945820947225,23.170474418072683,23.892636218377778
2026-09-11 05:00:00+00:00,22.931890284925,24.179043651818073,24.09730387903889
2026-09-11 06:00:00+00:00,23.62143382545,25.459647858337682,24.544552139844445
2026-09-11 07:00:00+00:00,24.59520845965556,25.67017388042704,24.408764937325
2026-09-11 08:00:00+00:00,25.038870801577776,25.551012982788702,24.066274487113887
2026-09-11 09:00:00+00:00,25.267718269483336,25.69150054701845,24.29537524181111
2026-09-12 12:00:00+00:00,24.907124816775,26.095624125760402,25.19778445446389
2026-09-12 13:00:00+00:00,24.79255526466389,25.578621735837054,24.93460820595
2026-09-12 14:00:00+00:00,24.793160177325003,25.038870634286074,24.687829127705555
2026-09-12 15:00:00+00:00,24.48240335501389,24.26665926986979,24.004440969988888
2026-09-12 16:00:00+00:00,23.90406644653889,23.75578217055528,24.45987583366389
2026-09-12 17:00:00+00:00,23.22616497719721,23.72865203318019,23.965565206494443
2026-09-12 18:00:00+00:00,22.653167654366666,23.6314365621908,23.672357340616667
2026-09-12 19:00:00+00:00,22.16475245380555,23.36226841134757,23.206570794697225
2026-09-12 20:00:00+00:00,22.08893840405556,23.221440910387983,22.921780270191665
2026-09-12 21:00:00+00:00,22.193473773311112,23.360488682953626,23.13990138652778
2026-09-12 22:00:00+00:00,23.1501317699,23.172021800926135,23.52477250445833
2026-09-12 23:00:00+00:00,23.63894841270277,22.967788818132423,23.39074654393889
2026-09-13 00:00:00+00:00,23.635205252297222,22.67290687306901,22.84174684726111
2026-09-13 01:00:00+00:00,23.66315700151111,22.41949375654062,22.093084314233334
2026-09-13 02:00:00+00:00,23.56373070775278,22.32237035044398,21.602175089933336
2026-09-13 03:00:00+00:00,23.512030301330554,22.842498162868505,21.660023077091665
2026-09-13 04:00:00+00:00,23.484555643591666,22.81930284705534,22.42755305796389
2026-09-13 05:00:00+00:00,23.708896960258333,23.721337236180297,23.495046985938888
2026-09-13 06:00:00+00:00,23.77457156824722,23.521383406800492,23.703990760147224
2026-09-13 07:00:00+00:00,23.750610440219443,23.824164862059714,23.850666571397223
2026-09-13 08:00:00+00:00,23.758328517297223,24.08282617499079,24.38911105666389
2026-09-13 09:00:00+00:00,23.7286138671,23.69915923264625,24.64501714220556
2026-09-13 10:00:00+00:00,23.79634944103612,23.998687132055203,24.80087508532777
2026-09-13 11:00:00+00:00,24.29912264096667,24.025448575630598,25.04099194495833
2026-09-13 12:00:00+00:00,24.694519296386108,24.032234520170938,24.907124816775
2026-09-13 13:00:00+00:00,24.80717994138611,23.683930319701457,24.79255526466389
2026-09-13 14:00:00+00:00,24.74674259875556,23.480071666035162,24.793160177325003
2026-09-13 15:00:00+00:00,24.754114761502777,24.11154158056825,24.48240335501389
2026-09-13 16:00:00+00:00,24.672362026436115,24.233874031309426,23.90406644653889
2026-09-13 17:00:00+00:00,24.624313810730555,24.086504588413035,23.22616497719721
2026-09-13 18:00:00+00:00,24.40695955733889,23.806511256065498,22.653167654366666
2026-09-13 19:00:00+00:00,23.88037068916111,23.68828679244939,22.16475245380555
2026-09-13 20:00:00+00:00,24.358019885425,23.336164479570012,22.08893840405556
2026-09-13 21:00:00+00:00,24.58468721679722,23.280745776926246,22.193473773311112
2026-09-13 22:00:00+00:00,24.195514373825,24.007885812925853,23.1501317699
2026-09-13 23:00:00+00:00,23.922094966386112,23.87888446942524,23.63894841270277
2026-09-14 00:00:00+00:00,24.50804068959444,23.206886867302615,23.635205252297222
2026-09-14 01:00:00+00:00,24.59936245278056,22.60399192536709,23.66315700151111
2026-09-14 02:00:00+00:00,24.611354966861114,22.595629952701408,23.56373070775278
2026-09-14 03:00:00+00:00,24.61883334119722,22.539024539849617,23.512030301330554
2026-09-14 04:00:00+00:00,24.617666543825,23.11667828599715,23.484555643591666
2026-09-14 05:00:00+00:00,24.61560495598889,23.92064078347455,23.708896960258333
2026-09-14 06:00:00+00:00,24.631409675258336,23.884795961529974,23.77457156824722
2026-09-14 07:00:00+00:00,24.659359155827776,23.41624635632968,23.750610440219443
2026-09-14 08:00:00+00:00,24.689166870547226,23.329168153471144,23.758328517297223
2026-09-14 09:00:00+00:00,24.69093876321389,23.615316456579208,23.7286138671
2026-09-14 10:00:00+00:00,24.730804603333336,23.87038695837018,23.79634944103612
2026-09-14 11:00:00+00:00,24.76397177292778,23.583940191881307,24.29912264096667
2026-09-14 12:00:00+00:00,24.50026569136945,23.788156928892388,24.694519296386108
2026-09-14 13:00:00+00:00,24.029141850183333,23.390857796444045,24.80717994138611
2026-09-14 14:00:00+00:00,23.910708880772223,23.827794779683742,24.74674259875556
2026-09-14 15:00:00+00:00,24.080643011063888,23.857578226253487,24.754114761502777
2026-09-14 16:00:00+00:00,24.013121979916665,23.848234088571168,24.672362026436115
2026-09-14 17:00:00+00:00,23.930336702869443,23.391765408375086,24.624313810730555
